{"version": "1", "message": "ERROR: Hidden Testcases server unreachable.", "problem_id": "ads2_m16_a1_1", "user_id": "samyumobiMSIT", "score": {"sample": {"0": {"execution_time": 0.5406911373138428, "passed": false}, "1": {"execution_time": 0.3308093547821045, "passed": false}, "2": {"execution_time": 0.21088337898254395, "passed": false}, "3": {"execution_time": 0.22687149047851562, "passed": false}, "4": {"execution_time": 0.2428605556488037, "passed": false}, "5": {"execution_time": 0.15391325950622559, "passed": false}, "6": {"execution_time": 0.18189549446105957, "passed": false}, "7": {"execution_time": 0.15291142463684082, "passed": false}, "8": {"execution_time": 0.15691184997558594, "passed": false}, "9": {"execution_time": 0.23087024688720703, "passed": false}, "10": {"execution_time": 0.2148761749267578, "passed": false}, "11": {"execution_time": 0.21187925338745117, "passed": false}, "12": {"execution_time": 0.2068800926208496, "passed": false}, "13": {"execution_time": 0.16290545463562012, "passed": false}, "14": {"execution_time": 0.15491056442260742, "passed": false}, "15": {"execution_time": 0.21087956428527832, "passed": false}, "16": {"execution_time": 0.18689346313476562, "passed": false}, "17": {"execution_time": 0.20088601112365723, "passed": false}, "18": {"execution_time": 0.24985718727111816, "passed": false}, "19": {"execution_time": 0.2078871726989746, "passed": false}, "20": {"execution_time": 0.20787978172302246, "passed": false}, "21": {"execution_time": 0.16390776634216309, "passed": false}, "22": {"execution_time": 0.23786282539367676, "passed": false}, "23": {"execution_time": 0.2048811912536621, "passed": false}, "24": {"execution_time": 0.26584887504577637, "passed": false}, "25": {"execution_time": 0.17589855194091797, "passed": false}, "26": {"execution_time": 0.17090106010437012, "passed": false}, "27": {"execution_time": 0.20987844467163086, "passed": false}, "28": {"execution_time": 0.15192914009094238, "passed": false}, "29": {"execution_time": 0.14092779159545898, "passed": false}}}, "check_style_score": "0/1"}