{"version": "1", "message": "ERROR: Hidden Testcases server unreachable.", "problem_id": "ads2_m16_a1_1", "user_id": "samyumobiMSIT", "score": {"sample": {"0": {"execution_time": 0.30022120475769043, "passed": true}, "1": {"execution_time": 0.24387383460998535, "passed": true}, "2": {"execution_time": 3.5867912769317627, "passed": false}, "3": {"execution_time": 3.883861780166626, "passed": false}, "4": {"execution_time": 3.859229803085327, "passed": false}, "5": {"execution_time": 2.8000664710998535, "passed": false}, "6": {"execution_time": 2.8528969287872314, "passed": false}, "7": {"execution_time": 3.410170078277588, "passed": false}, "8": {"execution_time": 0.37378764152526855, "passed": true}, "9": {"execution_time": 2.718442678451538, "passed": false}, "10": {"execution_time": 2.700448513031006, "passed": false}, "11": {"execution_time": 6.801098585128784, "passed": true}, "12": {"execution_time": 2.6924569606781006, "passed": false}, "13": {"execution_time": 0.1539134979248047, "passed": true}, "14": {"execution_time": 2.698450803756714, "passed": false}, "15": {"execution_time": 2.729433536529541, "passed": false}, "16": {"execution_time": 0.4107666015625, "passed": true}, "17": {"execution_time": 0.37178730964660645, "passed": true}, "18": {"execution_time": 0.3628103733062744, "passed": true}, "19": {"execution_time": 0.3667888641357422, "passed": true}, "20": {"execution_time": 0.3587913513183594, "passed": true}, "21": {"execution_time": 0.37578344345092773, "passed": true}, "22": {"execution_time": 0.3707857131958008, "passed": true}, "23": {"execution_time": 0.36580729484558105, "passed": true}, "24": {"execution_time": 0.13992023468017578, "passed": true}, "25": {"execution_time": 2.667470693588257, "passed": false}, "26": {"execution_time": 2.5855164527893066, "passed": false}, "27": {"execution_time": 2.7324323654174805, "passed": false}, "28": {"execution_time": 3.194167137145996, "passed": false}, "29": {"execution_time": 0.16090989112854004, "passed": true}}}, "check_style_score": "1/1"}