{"version": "1", "message": "ERROR: Hidden Testcases server unreachable.", "problem_id": "ads2_m16_a1_1", "user_id": "samyumobiMSIT", "score": {"sample": {"0": {"execution_time": 0.18989205360412598, "passed": true}, "1": {"execution_time": 0.20488286018371582, "passed": true}, "2": {"execution_time": 1.1833195686340332, "passed": true}, "3": {"execution_time": 1.4741530418395996, "passed": true}, "4": {"execution_time": 1.2043075561523438, "passed": true}, "5": {"execution_time": 1.7509949207305908, "passed": true}, "6": {"execution_time": 1.2612762451171875, "passed": true}, "7": {"execution_time": 1.367215871810913, "passed": true}, "8": {"execution_time": 0.37178611755371094, "passed": true}, "9": {"execution_time": 1.9818625450134277, "passed": true}, "10": {"execution_time": 1.7070188522338867, "passed": true}, "11": {"execution_time": 8.419164896011353, "passed": true}, "12": {"execution_time": 1.0853774547576904, "passed": true}, "13": {"execution_time": 0.16790509223937988, "passed": true}, "14": {"execution_time": 1.0673871040344238, "passed": true}, "15": {"execution_time": 1.532121181488037, "passed": true}, "16": {"execution_time": 0.3348069190979004, "passed": true}, "17": {"execution_time": 0.33380746841430664, "passed": true}, "18": {"execution_time": 0.30382418632507324, "passed": true}, "19": {"execution_time": 0.6726148128509521, "passed": true}, "20": {"execution_time": 0.6806097030639648, "passed": true}, "21": {"execution_time": 0.2108774185180664, "passed": true}, "22": {"execution_time": 0.2408614158630371, "passed": true}, "23": {"execution_time": 0.25585412979125977, "passed": true}, "24": {"execution_time": 0.16990351676940918, "passed": true}, "25": {"execution_time": 2.0128445625305176, "passed": true}, "26": {"execution_time": 0.8984847068786621, "passed": true}, "27": {"execution_time": 1.6840331554412842, "passed": true}, "28": {"execution_time": 3.518979787826538, "passed": true}, "29": {"execution_time": 0.2948307991027832, "passed": true}}}, "check_style_score": "0/1"}