{"version": "1", "message": "ERROR: Hidden Testcases server unreachable.", "problem_id": "ads2_m16_a1_1", "user_id": "samyumobiMSIT", "score": {"sample": {"0": {"execution_time": 0.19988512992858887, "passed": true}, "1": {"execution_time": 0.19788885116577148, "passed": true}, "2": {"execution_time": 0.9964284896850586, "passed": true}, "3": {"execution_time": 0.9884364604949951, "passed": true}, "4": {"execution_time": 1.0633916854858398, "passed": true}, "5": {"execution_time": 0.9754409790039062, "passed": true}, "6": {"execution_time": 0.8994848728179932, "passed": true}, "7": {"execution_time": 0.95245361328125, "passed": true}, "8": {"execution_time": 0.24985456466674805, "passed": true}, "9": {"execution_time": 0.9904317855834961, "passed": true}, "10": {"execution_time": 1.0234155654907227, "passed": true}, "11": {"execution_time": 9.411608934402466, "passed": true}, "12": {"execution_time": 0.9284682273864746, "passed": true}, "13": {"execution_time": 0.21787500381469727, "passed": true}, "14": {"execution_time": 1.3312368392944336, "passed": true}, "15": {"execution_time": 1.0324087142944336, "passed": true}, "16": {"execution_time": 0.21287751197814941, "passed": true}, "17": {"execution_time": 0.22687077522277832, "passed": true}, "18": {"execution_time": 0.21687698364257812, "passed": true}, "19": {"execution_time": 0.2668483257293701, "passed": true}, "20": {"execution_time": 0.29383134841918945, "passed": true}, "21": {"execution_time": 0.23586702346801758, "passed": true}, "22": {"execution_time": 0.25985074043273926, "passed": true}, "23": {"execution_time": 0.2188735008239746, "passed": true}, "24": {"execution_time": 0.18689298629760742, "passed": true}, "25": {"execution_time": 1.5641050338745117, "passed": true}, "26": {"execution_time": 0.7475707530975342, "passed": true}, "27": {"execution_time": 1.0194175243377686, "passed": true}, "28": {"execution_time": 2.890343189239502, "passed": true}, "29": {"execution_time": 0.19189143180847168, "passed": true}}}, "check_style_score": "0/1"}