{"version": "1", "message": "ERROR: Hidden Testcases server unreachable.", "problem_id": "ads2_m16_a1_1", "user_id": "samyumobiMSIT", "score": {"sample": {"0": {"execution_time": 0.2049546241760254, "passed": true}, "1": {"execution_time": 0.19939923286437988, "passed": true}, "2": {"execution_time": 0.896045446395874, "passed": true}, "3": {"execution_time": 0.9074788093566895, "passed": true}, "4": {"execution_time": 0.8975067138671875, "passed": true}, "5": {"execution_time": 0.9025790691375732, "passed": true}, "6": {"execution_time": 0.9000275135040283, "passed": true}, "7": {"execution_time": 1.0074462890625, "passed": true}, "8": {"execution_time": 0.228623628616333, "passed": true}, "9": {"execution_time": 0.8850727081298828, "passed": true}, "10": {"execution_time": 0.8954849243164062, "passed": true}, "11": {"execution_time": 4.740021467208862, "passed": true}, "12": {"execution_time": 0.9885060787200928, "passed": true}, "13": {"execution_time": 0.1719214916229248, "passed": true}, "14": {"execution_time": 0.9424564838409424, "passed": true}, "15": {"execution_time": 1.095388412475586, "passed": true}, "16": {"execution_time": 0.24741411209106445, "passed": true}, "17": {"execution_time": 0.2538628578186035, "passed": true}, "18": {"execution_time": 0.22987103462219238, "passed": true}, "19": {"execution_time": 0.2908470630645752, "passed": true}, "20": {"execution_time": 0.26185178756713867, "passed": true}, "21": {"execution_time": 0.23386430740356445, "passed": true}, "22": {"execution_time": 0.27384161949157715, "passed": true}, "23": {"execution_time": 0.2364335060119629, "passed": true}, "24": {"execution_time": 0.16490721702575684, "passed": true}, "25": {"execution_time": 0.9164533615112305, "passed": true}, "26": {"execution_time": 0.6372008323669434, "passed": true}, "27": {"execution_time": 0.9924540519714355, "passed": true}, "28": {"execution_time": 1.848728895187378, "passed": true}, "29": {"execution_time": 0.2012796401977539, "passed": true}}}, "check_style_score": "1/1"}