{"version": "1", "message": "ERROR: Hidden Testcases server unreachable.", "problem_id": "ads2_m16_a1_1", "user_id": "samyumobiMSIT", "score": {"sample": {"0": {"execution_time": 0.19289088249206543, "passed": false}, "1": {"execution_time": 0.17789983749389648, "passed": false}, "2": {"execution_time": 0.15091371536254883, "passed": false}, "3": {"execution_time": 0.14691662788391113, "passed": false}, "4": {"execution_time": 0.21087956428527832, "passed": false}, "5": {"execution_time": 0.1439223289489746, "passed": false}, "6": {"execution_time": 0.16190648078918457, "passed": false}, "7": {"execution_time": 0.14391803741455078, "passed": false}, "8": {"execution_time": 0.14391803741455078, "passed": false}, "9": {"execution_time": 0.17889642715454102, "passed": false}, "10": {"execution_time": 0.15191292762756348, "passed": false}, "11": {"execution_time": 0.14991259574890137, "passed": false}, "12": {"execution_time": 0.14491772651672363, "passed": false}, "13": {"execution_time": 0.15391278266906738, "passed": false}, "14": {"execution_time": 0.15591001510620117, "passed": false}, "15": {"execution_time": 0.29183340072631836, "passed": false}, "16": {"execution_time": 0.14792084693908691, "passed": false}, "17": {"execution_time": 0.15890765190124512, "passed": false}, "18": {"execution_time": 0.13892102241516113, "passed": false}, "19": {"execution_time": 0.37578630447387695, "passed": false}, "20": {"execution_time": 0.24086380004882812, "passed": false}, "21": {"execution_time": 0.15691256523132324, "passed": false}, "22": {"execution_time": 0.1519153118133545, "passed": false}, "23": {"execution_time": 0.22386884689331055, "passed": false}, "24": {"execution_time": 0.14591598510742188, "passed": false}, "25": {"execution_time": 0.18089532852172852, "passed": false}, "26": {"execution_time": 0.14492058753967285, "passed": false}, "27": {"execution_time": 0.18389272689819336, "passed": false}, "28": {"execution_time": 0.15291452407836914, "passed": false}, "29": {"execution_time": 0.15891242027282715, "passed": false}}}, "check_style_score": "0/1"}