{"version": "1", "message": "ERROR: Hidden Testcases server unreachable.", "problem_id": "ads2_m16_a1_1", "user_id": "samyumobiMSIT", "score": {"sample": {"0": {"execution_time": 0.15391278266906738, "passed": false}, "1": {"execution_time": 0.15591216087341309, "passed": false}, "2": {"execution_time": 0.15491175651550293, "passed": false}, "3": {"execution_time": 0.15191197395324707, "passed": false}, "4": {"execution_time": 0.18289542198181152, "passed": false}, "5": {"execution_time": 0.15591120719909668, "passed": false}, "6": {"execution_time": 0.13692283630371094, "passed": false}, "7": {"execution_time": 0.17090463638305664, "passed": false}, "8": {"execution_time": 0.1359272003173828, "passed": false}, "9": {"execution_time": 0.13492417335510254, "passed": false}, "10": {"execution_time": 0.15690898895263672, "passed": false}, "11": {"execution_time": 0.14491891860961914, "passed": false}, "12": {"execution_time": 0.19688892364501953, "passed": false}, "13": {"execution_time": 0.15790843963623047, "passed": false}, "14": {"execution_time": 0.14491581916809082, "passed": false}, "15": {"execution_time": 0.16490602493286133, "passed": false}, "16": {"execution_time": 0.16390728950500488, "passed": false}, "17": {"execution_time": 0.13792061805725098, "passed": false}, "18": {"execution_time": 0.21387910842895508, "passed": false}, "19": {"execution_time": 0.20088672637939453, "passed": false}, "20": {"execution_time": 0.13592815399169922, "passed": false}, "21": {"execution_time": 0.17689800262451172, "passed": false}, "22": {"execution_time": 0.16290497779846191, "passed": false}, "23": {"execution_time": 0.14691591262817383, "passed": false}, "24": {"execution_time": 0.15491271018981934, "passed": false}, "25": {"execution_time": 0.16690611839294434, "passed": false}, "26": {"execution_time": 0.15091538429260254, "passed": false}, "27": {"execution_time": 0.14491915702819824, "passed": false}, "28": {"execution_time": 0.14391756057739258, "passed": false}, "29": {"execution_time": 0.15790963172912598, "passed": false}}}, "check_style_score": "0/1"}