{"version": "1", "message": "ERROR: Hidden Testcases server unreachable.", "problem_id": "ads2_m16_a1_1", "user_id": "samyumobiMSIT", "score": {"sample": {"0": {"execution_time": 0.3907754421234131, "passed": true}, "1": {"execution_time": 0.2588527202606201, "passed": true}, "2": {"execution_time": 1.4091911315917969, "passed": true}, "3": {"execution_time": 1.4151875972747803, "passed": true}, "4": {"execution_time": 1.2872605323791504, "passed": true}, "5": {"execution_time": 1.2392890453338623, "passed": true}, "6": {"execution_time": 1.1703262329101562, "passed": true}, "7": {"execution_time": 1.2222988605499268, "passed": true}, "8": {"execution_time": 0.39977335929870605, "passed": true}, "9": {"execution_time": 1.488145351409912, "passed": true}, "10": {"execution_time": 1.3472259044647217, "passed": true}, "11": {"execution_time": 10.073214769363403, "passed": false}, "12": {"execution_time": 1.2672719955444336, "passed": true}, "13": {"execution_time": 0.25785017013549805, "passed": true}, "14": {"execution_time": 1.8349454402923584, "passed": true}, "15": {"execution_time": 1.3022515773773193, "passed": true}, "16": {"execution_time": 0.3168179988861084, "passed": true}, "17": {"execution_time": 0.3008284568786621, "passed": true}, "18": {"execution_time": 0.28783535957336426, "passed": true}, "19": {"execution_time": 0.33380746841430664, "passed": true}, "20": {"execution_time": 0.4477419853210449, "passed": true}, "21": {"execution_time": 0.32381391525268555, "passed": true}, "22": {"execution_time": 0.3048248291015625, "passed": true}, "23": {"execution_time": 0.29383111000061035, "passed": true}, "24": {"execution_time": 0.22287225723266602, "passed": true}, "25": {"execution_time": 1.4041938781738281, "passed": true}, "26": {"execution_time": 1.0923731327056885, "passed": true}, "27": {"execution_time": 1.426180362701416, "passed": true}, "28": {"execution_time": 2.99428129196167, "passed": true}, "29": {"execution_time": 0.37978196144104004, "passed": true}}}, "check_style_score": "0/1"}