{"version": "1", "message": "ERROR: Hidden Testcases server unreachable.", "problem_id": "ads2_m16_a1_1", "user_id": "samyumobiMSIT", "score": {"sample": {"0": {"execution_time": 0.32981157302856445, "passed": true}, "1": {"execution_time": 0.19988369941711426, "passed": true}, "2": {"execution_time": 1.020416021347046, "passed": true}, "3": {"execution_time": 1.0244126319885254, "passed": true}, "4": {"execution_time": 1.0234339237213135, "passed": true}, "5": {"execution_time": 1.016420841217041, "passed": true}, "6": {"execution_time": 1.102369785308838, "passed": true}, "7": {"execution_time": 0.9764406681060791, "passed": true}, "8": {"execution_time": 0.3148207664489746, "passed": true}, "9": {"execution_time": 1.1493418216705322, "passed": true}, "10": {"execution_time": 1.04939866065979, "passed": true}, "11": {"execution_time": 8.14133596420288, "passed": true}, "12": {"execution_time": 1.165332555770874, "passed": true}, "13": {"execution_time": 0.18289518356323242, "passed": true}, "14": {"execution_time": 1.0394175052642822, "passed": true}, "15": {"execution_time": 0.9844388961791992, "passed": true}, "16": {"execution_time": 0.2828373908996582, "passed": true}, "17": {"execution_time": 0.2478635311126709, "passed": true}, "18": {"execution_time": 0.22287344932556152, "passed": true}, "19": {"execution_time": 0.26584792137145996, "passed": true}, "20": {"execution_time": 0.3108222484588623, "passed": true}, "21": {"execution_time": 0.2308800220489502, "passed": true}, "22": {"execution_time": 0.24785733222961426, "passed": true}, "23": {"execution_time": 0.24386000633239746, "passed": true}, "24": {"execution_time": 0.17090225219726562, "passed": true}, "25": {"execution_time": 1.1143639087677002, "passed": true}, "26": {"execution_time": 0.857508659362793, "passed": true}, "27": {"execution_time": 1.1603341102600098, "passed": true}, "28": {"execution_time": 2.237720251083374, "passed": true}, "29": {"execution_time": 0.31981778144836426, "passed": false}}}, "check_style_score": "0/1"}