{"version": "1", "message": "ERROR: Hidden Testcases server unreachable.", "problem_id": "ads2_m16_a1_1", "user_id": "samyumobiMSIT", "score": {"sample": {"0": {"execution_time": 0.22087574005126953, "passed": true}, "1": {"execution_time": 0.22487354278564453, "passed": true}, "2": {"execution_time": 0.9484591484069824, "passed": true}, "3": {"execution_time": 0.9634478092193604, "passed": true}, "4": {"execution_time": 1.02541184425354, "passed": true}, "5": {"execution_time": 1.000427007675171, "passed": true}, "6": {"execution_time": 1.0833792686462402, "passed": true}, "7": {"execution_time": 0.934464693069458, "passed": true}, "8": {"execution_time": 0.29982805252075195, "passed": true}, "9": {"execution_time": 1.0264308452606201, "passed": true}, "10": {"execution_time": 0.9444665908813477, "passed": true}, "11": {"execution_time": 7.664612531661987, "passed": true}, "12": {"execution_time": 1.0084221363067627, "passed": true}, "13": {"execution_time": 0.21387720108032227, "passed": true}, "14": {"execution_time": 0.9094789028167725, "passed": true}, "15": {"execution_time": 0.940460205078125, "passed": true}, "16": {"execution_time": 0.22986960411071777, "passed": true}, "17": {"execution_time": 0.23586368560791016, "passed": true}, "18": {"execution_time": 0.22887158393859863, "passed": true}, "19": {"execution_time": 0.2468569278717041, "passed": true}, "20": {"execution_time": 0.29782938957214355, "passed": true}, "21": {"execution_time": 0.2548525333404541, "passed": true}, "22": {"execution_time": 0.21187996864318848, "passed": true}, "23": {"execution_time": 0.23686504364013672, "passed": true}, "24": {"execution_time": 0.24686288833618164, "passed": true}, "25": {"execution_time": 0.9954500198364258, "passed": true}, "26": {"execution_time": 0.7475705146789551, "passed": true}, "27": {"execution_time": 1.0214133262634277, "passed": true}, "28": {"execution_time": 2.121784210205078, "passed": true}, "29": {"execution_time": 0.19089245796203613, "passed": true}}}, "check_style_score": "0/1"}