{"version": "1", "message": "ERROR: Hidden Testcases server unreachable.", "problem_id": "ads2_m16_a1_1", "user_id": "samyumobiMSIT", "score": {"sample": {"0": {"execution_time": 0.8255267143249512, "passed": true}, "1": {"execution_time": 0.3188178539276123, "passed": true}, "2": {"execution_time": 1.8649277687072754, "passed": true}, "3": {"execution_time": 1.2982547283172607, "passed": true}, "4": {"execution_time": 1.1793212890625, "passed": true}, "5": {"execution_time": 1.2522828578948975, "passed": true}, "6": {"execution_time": 1.1673297882080078, "passed": true}, "7": {"execution_time": 1.486147403717041, "passed": true}, "8": {"execution_time": 0.4917168617248535, "passed": true}, "9": {"execution_time": 1.4361765384674072, "passed": true}, "10": {"execution_time": 2.8533616065979004, "passed": true}, "11": {"execution_time": 10.039234399795532, "passed": false}, "12": {"execution_time": 1.4361753463745117, "passed": true}, "13": {"execution_time": 0.2428603172302246, "passed": true}, "14": {"execution_time": 1.1793212890625, "passed": true}, "15": {"execution_time": 1.112363576889038, "passed": true}, "16": {"execution_time": 0.32381343841552734, "passed": true}, "17": {"execution_time": 0.2588531970977783, "passed": true}, "18": {"execution_time": 0.2828395366668701, "passed": true}, "19": {"execution_time": 0.29183316230773926, "passed": true}, "20": {"execution_time": 0.38377976417541504, "passed": true}, "21": {"execution_time": 0.26384687423706055, "passed": true}, "22": {"execution_time": 0.3128211498260498, "passed": true}, "23": {"execution_time": 0.26184988021850586, "passed": true}, "24": {"execution_time": 0.3767845630645752, "passed": true}, "25": {"execution_time": 1.4713330268859863, "passed": true}, "26": {"execution_time": 1.0034241676330566, "passed": true}, "27": {"execution_time": 1.6900293827056885, "passed": true}, "28": {"execution_time": 2.9582998752593994, "passed": true}, "29": {"execution_time": 0.44974207878112793, "passed": true}}}, "check_style_score": "0/1"}