{"version": "1", "message": "ERROR: Hidden Testcases server unreachable.", "problem_id": "ads2_m4_a1_1", "user_id": "samyumobiMSIT", "score": {"sample": {"0": {"execution_time": 0.19089078903198242, "passed": false}, "1": {"execution_time": 0.17090225219726562, "passed": false}, "2": {"execution_time": 0.23386573791503906, "passed": false}, "3": {"execution_time": 0.19888615608215332, "passed": false}, "4": {"execution_time": 0.16490530967712402, "passed": false}, "5": {"execution_time": 0.17090463638305664, "passed": false}, "6": {"execution_time": 0.17889809608459473, "passed": false}, "7": {"execution_time": 0.17090225219726562, "passed": false}, "8": {"execution_time": 0.17590117454528809, "passed": false}, "9": {"execution_time": 0.16190743446350098, "passed": false}, "10": {"execution_time": 0.22986769676208496, "passed": false}, "11": {"execution_time": 0.17789816856384277, "passed": false}, "12": {"execution_time": 0.16790437698364258, "passed": false}, "13": {"execution_time": 0.356797456741333, "passed": false}, "14": {"execution_time": 0.28183698654174805, "passed": false}}}, "check_style_score": "0/1"}