{"version": "1", "message": "ERROR: Hidden Testcases server unreachable.", "problem_id": "ads2_m4_a1_1", "user_id": "samyumobiMSIT", "score": {"sample": {"0": {"execution_time": 0.13392400741577148, "passed": false}, "1": {"execution_time": 0.15691232681274414, "passed": false}, "2": {"execution_time": 0.14491939544677734, "passed": false}, "3": {"execution_time": 0.13692355155944824, "passed": false}, "4": {"execution_time": 0.15790915489196777, "passed": false}, "5": {"execution_time": 0.14091897010803223, "passed": false}, "6": {"execution_time": 0.15690922737121582, "passed": false}, "7": {"execution_time": 0.1459183692932129, "passed": false}, "8": {"execution_time": 0.14391803741455078, "passed": false}, "9": {"execution_time": 0.13991904258728027, "passed": false}, "10": {"execution_time": 0.14791464805603027, "passed": false}, "11": {"execution_time": 0.17789745330810547, "passed": false}, "12": {"execution_time": 0.15391159057617188, "passed": false}, "13": {"execution_time": 0.17090368270874023, "passed": false}, "14": {"execution_time": 0.1379241943359375, "passed": false}}}, "check_style_score": "0/1"}