{"version": "1", "message": "ERROR: Hidden Testcases server unreachable.", "problem_id": "ads2_m4_a1_1", "user_id": "samyumobiMSIT", "score": {"sample": {"0": {"execution_time": 0.1579294204711914, "passed": false}, "1": {"execution_time": 0.13992047309875488, "passed": false}, "2": {"execution_time": 0.16790366172790527, "passed": false}, "3": {"execution_time": 0.13792181015014648, "passed": false}, "4": {"execution_time": 0.15590929985046387, "passed": false}, "5": {"execution_time": 0.19188952445983887, "passed": false}, "6": {"execution_time": 0.13892126083374023, "passed": false}, "7": {"execution_time": 0.14191842079162598, "passed": false}, "8": {"execution_time": 0.16090965270996094, "passed": false}, "9": {"execution_time": 0.14391803741455078, "passed": false}, "10": {"execution_time": 0.14493346214294434, "passed": false}, "11": {"execution_time": 0.14191794395446777, "passed": false}, "12": {"execution_time": 0.12992477416992188, "passed": false}, "13": {"execution_time": 0.16990065574645996, "passed": false}, "14": {"execution_time": 0.13592267036437988, "passed": false}}}, "check_style_score": "0/1"}