{"version": "1", "message": "ERROR: Hidden Testcases server unreachable.", "problem_id": "ads2_m4_a1_1", "user_id": "samyumobiMSIT", "score": {"sample": {"0": {"execution_time": 0.19488930702209473, "passed": false}, "1": {"execution_time": 0.15491199493408203, "passed": false}, "2": {"execution_time": 0.14691686630249023, "passed": false}, "3": {"execution_time": 0.17889857292175293, "passed": false}, "4": {"execution_time": 0.13992047309875488, "passed": false}, "5": {"execution_time": 0.14791655540466309, "passed": false}, "6": {"execution_time": 0.13992071151733398, "passed": false}, "7": {"execution_time": 0.14391875267028809, "passed": false}, "8": {"execution_time": 0.14891695976257324, "passed": false}, "9": {"execution_time": 0.14991426467895508, "passed": false}, "10": {"execution_time": 0.14491772651672363, "passed": false}, "11": {"execution_time": 0.17989730834960938, "passed": false}, "12": {"execution_time": 0.14292001724243164, "passed": false}, "13": {"execution_time": 0.14091944694519043, "passed": false}, "14": {"execution_time": 0.14791464805603027, "passed": false}}}, "check_style_score": "0/1"}