{"version": "1", "message": "ERROR: Hidden Testcases server unreachable.", "problem_id": "ads2_m4_a1_1", "user_id": "samyumobiMSIT", "score": {"sample": {"0": {"execution_time": 0.2788395881652832, "passed": true}, "1": {"execution_time": 0.26384925842285156, "passed": true}, "2": {"execution_time": 0.2478632926940918, "passed": true}, "3": {"execution_time": 0.23486733436584473, "passed": true}, "4": {"execution_time": 0.21987462043762207, "passed": true}, "5": {"execution_time": 0.17290163040161133, "passed": true}, "6": {"execution_time": 0.18989253044128418, "passed": true}, "7": {"execution_time": 0.19389009475708008, "passed": true}, "8": {"execution_time": 0.18789291381835938, "passed": true}, "9": {"execution_time": 0.1849074363708496, "passed": false}, "10": {"execution_time": 0.19688653945922852, "passed": false}, "11": {"execution_time": 0.15091419219970703, "passed": true}, "12": {"execution_time": 0.1769101619720459, "passed": true}, "13": {"execution_time": 1.6280837059020996, "passed": false}, "14": {"execution_time": 0.17189860343933105, "passed": false}}}, "check_style_score": "0/1"}