{"version": "1", "message": "ERROR: Hidden Testcases server unreachable.", "problem_id": "ads2_m4_a1_1", "user_id": "samyumobiMSIT", "score": {"sample": {"0": {"execution_time": 0.18689393997192383, "passed": true}, "1": {"execution_time": 0.13991975784301758, "passed": false}, "2": {"execution_time": 0.13690567016601562, "passed": false}, "3": {"execution_time": 0.12892627716064453, "passed": false}, "4": {"execution_time": 0.13492369651794434, "passed": false}, "5": {"execution_time": 0.1339247226715088, "passed": false}, "6": {"execution_time": 0.17389988899230957, "passed": false}, "7": {"execution_time": 0.13492465019226074, "passed": false}, "8": {"execution_time": 0.14591670036315918, "passed": true}, "9": {"execution_time": 0.14391827583312988, "passed": true}, "10": {"execution_time": 0.1399211883544922, "passed": true}, "11": {"execution_time": 0.14591670036315918, "passed": true}, "12": {"execution_time": 0.13392281532287598, "passed": true}, "13": {"execution_time": 0.17989730834960938, "passed": false}, "14": {"execution_time": 0.15091419219970703, "passed": true}}}, "check_style_score": "0/1"}