{"version": "1", "message": "ERROR: Hidden Testcases server unreachable.", "problem_id": "ads2_m4_a1_1", "user_id": "samyumobiMSIT", "score": {"sample": {"0": {"execution_time": 0.21787548065185547, "passed": true}, "1": {"execution_time": 0.20388317108154297, "passed": true}, "2": {"execution_time": 0.20488381385803223, "passed": true}, "3": {"execution_time": 0.36379051208496094, "passed": true}, "4": {"execution_time": 0.3148212432861328, "passed": true}, "5": {"execution_time": 0.15791034698486328, "passed": true}, "6": {"execution_time": 0.15191268920898438, "passed": true}, "7": {"execution_time": 0.15291237831115723, "passed": true}, "8": {"execution_time": 0.21087932586669922, "passed": true}, "9": {"execution_time": 0.14391851425170898, "passed": true}, "10": {"execution_time": 0.2288680076599121, "passed": true}, "11": {"execution_time": 0.1459183692932129, "passed": true}, "12": {"execution_time": 0.15291261672973633, "passed": true}, "13": {"execution_time": 1.5361220836639404, "passed": true}, "14": {"execution_time": 0.15091323852539062, "passed": true}}}, "check_style_score": "0/1"}