{"version": "1", "message": "ERROR: Hidden Testcases server unreachable.", "problem_id": "ads2_m2_a1_1", "user_id": "samyumobiMSIT", "score": {"sample": {"0": {"execution_time": 0.15791082382202148, "passed": true}, "1": {"execution_time": 0.13692331314086914, "passed": true}, "2": {"execution_time": 0.13492298126220703, "passed": true}, "3": {"execution_time": 0.17090153694152832, "passed": true}, "4": {"execution_time": 0.14391660690307617, "passed": true}, "5": {"execution_time": 0.13092708587646484, "passed": true}, "6": {"execution_time": 0.12792491912841797, "passed": true}, "7": {"execution_time": 0.20388364791870117, "passed": true}, "8": {"execution_time": 0.16290688514709473, "passed": true}, "9": {"execution_time": 0.13592290878295898, "passed": true}, "10": {"execution_time": 0.16990256309509277, "passed": true}, "11": {"execution_time": 0.13992857933044434, "passed": true}, "12": {"execution_time": 0.13791656494140625, "passed": true}, "13": {"execution_time": 0.1379239559173584, "passed": true}, "14": {"execution_time": 0.13493871688842773, "passed": true}, "15": {"execution_time": 0.14291930198669434, "passed": true}, "16": {"execution_time": 0.13692378997802734, "passed": true}, "17": {"execution_time": 0.16490530967712402, "passed": true}, "18": {"execution_time": 0.18489480018615723, "passed": true}, "19": {"execution_time": 0.16990399360656738, "passed": true}, "20": {"execution_time": 0.21887469291687012, "passed": true}, "21": {"execution_time": 0.13492536544799805, "passed": true}, "22": {"execution_time": 0.2058877944946289, "passed": false}, "23": {"execution_time": 0.18189549446105957, "passed": true}}}, "check_style_score": "0/1"}