{"version": "1", "message": "ERROR: Hidden Testcases server unreachable.", "problem_id": "ads2_m6_a1_1", "user_id": "samyumobiMSIT", "score": {"sample": {"0": {"execution_time": 0.19488811492919922, "passed": false}, "1": {"execution_time": 0.22586989402770996, "passed": false}, "2": {"execution_time": 0.16790342330932617, "passed": false}, "3": {"execution_time": 0.23386502265930176, "passed": false}, "4": {"execution_time": 0.17090415954589844, "passed": false}, "5": {"execution_time": 0.17090177536010742, "passed": false}, "6": {"execution_time": 0.24585938453674316, "passed": true}, "7": {"execution_time": 0.18089771270751953, "passed": false}, "8": {"execution_time": 0.17290353775024414, "passed": true}, "9": {"execution_time": 0.18589448928833008, "passed": false}, "10": {"execution_time": 0.16490769386291504, "passed": false}, "11": {"execution_time": 0.22986817359924316, "passed": false}}}, "check_style_score": "0/1"}