{"version": "1", "message": "ERROR: Hidden Testcases server unreachable.", "problem_id": "ads2_m6_a1_1", "user_id": "samyumobiMSIT", "score": {"sample": {"0": {"execution_time": 0.1649024486541748, "passed": false}, "1": {"execution_time": 0.1459183692932129, "passed": false}, "2": {"execution_time": 0.14791631698608398, "passed": false}, "3": {"execution_time": 0.15091443061828613, "passed": false}, "4": {"execution_time": 0.14789533615112305, "passed": false}, "5": {"execution_time": 0.18989276885986328, "passed": false}, "6": {"execution_time": 0.14591670036315918, "passed": true}, "7": {"execution_time": 0.14091920852661133, "passed": false}, "8": {"execution_time": 0.18489503860473633, "passed": true}, "9": {"execution_time": 0.15291404724121094, "passed": false}, "10": {"execution_time": 0.1379225254058838, "passed": false}, "11": {"execution_time": 0.1519172191619873, "passed": false}}}, "check_style_score": "0/1"}