{"version": "1", "message": "ERROR: Hidden Testcases server unreachable.", "problem_id": "ads2_m6_a1_1", "user_id": "samyumobiMSIT", "score": {"sample": {"0": {"execution_time": 0.16790413856506348, "passed": false}, "1": {"execution_time": 0.14591693878173828, "passed": false}, "2": {"execution_time": 0.14291739463806152, "passed": false}, "3": {"execution_time": 0.14891529083251953, "passed": false}, "4": {"execution_time": 0.14191937446594238, "passed": false}, "5": {"execution_time": 0.19388842582702637, "passed": false}, "6": {"execution_time": 0.14691543579101562, "passed": true}, "7": {"execution_time": 0.14491701126098633, "passed": false}, "8": {"execution_time": 0.14691591262817383, "passed": true}, "9": {"execution_time": 0.15691113471984863, "passed": false}, "10": {"execution_time": 0.14391708374023438, "passed": false}, "11": {"execution_time": 0.15591168403625488, "passed": false}}}, "check_style_score": "0/1"}