{"version": "1", "message": "ERROR: Hidden Testcases server unreachable.", "problem_id": "ads2_m6_a1_1", "user_id": "samyumobiMSIT", "score": {"sample": {"0": {"execution_time": 0.16590499877929688, "passed": false}, "1": {"execution_time": 0.18489289283752441, "passed": false}, "2": {"execution_time": 0.14891719818115234, "passed": false}, "3": {"execution_time": 0.14891505241394043, "passed": false}, "4": {"execution_time": 0.14691567420959473, "passed": false}, "5": {"execution_time": 0.15291261672973633, "passed": false}, "6": {"execution_time": 0.15091395378112793, "passed": true}, "7": {"execution_time": 0.15191435813903809, "passed": false}, "8": {"execution_time": 0.19288969039916992, "passed": true}, "9": {"execution_time": 0.15191388130187988, "passed": false}, "10": {"execution_time": 0.14791536331176758, "passed": false}, "11": {"execution_time": 0.15191125869750977, "passed": false}}}, "check_style_score": "0/1"}