{"version": "1", "message": "ERROR: Hidden Testcases server unreachable.", "problem_id": "ads2_m6_a1_1", "user_id": "samyumobiMSIT", "score": {"sample": {"0": {"execution_time": 0.14591693878173828, "passed": false}, "1": {"execution_time": 0.11593365669250488, "passed": false}, "2": {"execution_time": 0.11894702911376953, "passed": false}, "3": {"execution_time": 0.13492441177368164, "passed": false}, "4": {"execution_time": 0.12293028831481934, "passed": false}, "5": {"execution_time": 0.12193036079406738, "passed": false}, "6": {"execution_time": 0.10893917083740234, "passed": false}, "7": {"execution_time": 0.11693429946899414, "passed": false}, "8": {"execution_time": 0.14291858673095703, "passed": false}, "9": {"execution_time": 0.10893988609313965, "passed": false}, "10": {"execution_time": 0.11493992805480957, "passed": false}, "11": {"execution_time": 0.11093711853027344, "passed": false}}}, "check_style_score": "0/1"}