{"version": "1", "message": "ERROR: Hidden Testcases server unreachable.", "problem_id": "ads2_m6_a1_1", "user_id": "samyumobiMSIT", "score": {"sample": {"0": {"execution_time": 0.16292619705200195, "passed": false}, "1": {"execution_time": 0.21387958526611328, "passed": false}, "2": {"execution_time": 0.13592267036437988, "passed": false}, "3": {"execution_time": 0.133925199508667, "passed": false}, "4": {"execution_time": 0.13492274284362793, "passed": false}, "5": {"execution_time": 0.13392305374145508, "passed": false}, "6": {"execution_time": 0.13292288780212402, "passed": false}, "7": {"execution_time": 0.13092398643493652, "passed": false}, "8": {"execution_time": 0.13192486763000488, "passed": false}, "9": {"execution_time": 0.13392424583435059, "passed": false}, "10": {"execution_time": 0.13592290878295898, "passed": false}, "11": {"execution_time": 0.13492202758789062, "passed": false}}}, "check_style_score": "0/1"}